{"cameraMode":{"drawMode":0,"name":"Shaded","section":"Shading Mode"},"sceneLighting":true,"audioPlay":false,"sceneViewState":{"m_AlwaysRefresh":false,"showFog":true,"showSkybox":true,"showFlares":true,"showImageEffects":true,"showParticleSystems":true,"showVisualEffectGraphs":true,"m_FxEnabled":true},"in2DMode":false,"pivot":{"x":8.833854675292969,"y":1.313901424407959,"z":91.9637451171875},"rotation":{"x":-0.008998638018965721,"y":0.017998650670051576,"z":0.00016187154687941074,"w":0.9997992515563965},"size":81.58780670166016,"orthographic":true}