{"cameraMode":{"drawMode":0,"name":"Shaded","section":"Shading Mode"},"sceneLighting":true,"audioPlay":false,"sceneViewState":{"m_AlwaysRefresh":false,"showFog":true,"showSkybox":true,"showFlares":true,"showImageEffects":true,"showParticleSystems":true,"showVisualEffectGraphs":true,"m_FxEnabled":true},"in2DMode":false,"pivot":{"x":940.331298828125,"y":513.7648315429688,"z":-9.347900390625},"rotation":{"x":0.0063097490929067139,"y":0.0014954267535358668,"z":-0.000009076066817215178,"w":0.999981164932251},"size":722.5689086914063,"orthographic":false}