{"cameraMode":{"drawMode":0,"name":"Shaded","section":"Shading Mode"},"sceneLighting":true,"audioPlay":false,"sceneViewState":{"m_AlwaysRefresh":false,"showFog":true,"showSkybox":true,"showFlares":true,"showImageEffects":true,"showParticleSystems":true,"showVisualEffectGraphs":true,"m_FxEnabled":true},"in2DMode":false,"pivot":{"x":19.134502410888673,"y":-0.3450278639793396,"z":2.0457992553710939},"rotation":{"x":0.00630963733419776,"y":0.0059952931478619579,"z":-0.0000374664923583623,"w":0.9999629855155945},"size":33.04490661621094,"orthographic":false}